{"Accuracy": 0.6341463414634146, "F1-Score": 0.697986577181208, "AUC Score": 0.6819143310417768, "Recall": 0.8524590163934426, "_timestamp": 1686501802.1344872, "_runtime": 0.3974611759185791, "_step": 0, "_wandb": {"runtime": 0}}