{"Accuracy": 0.5691056910569106, "F1-Score": 0.6442953020134228, "AUC Score": 0.5822316234796404, "Recall": 0.7868852459016393, "_timestamp": 1686501328.955711, "_runtime": 0.3352649211883545, "_step": 0, "_wandb": {"runtime": 0}}