{"Accuracy": 0.6178861788617886, "F1-Score": 0.6967741935483872, "AUC Score": 0.6845584346906398, "Recall": 0.8852459016393442, "_timestamp": 1686501092.951721, "_runtime": 0.3832838535308838, "_step": 0, "_wandb": {"runtime": 0}}